<?xml version="1.0" encoding="UTF-8"?>
<!--
/*
###############################################################################
# If you use PhysiCell in your project, please cite PhysiCell and the version #
# number, such as below:                                                      #
#                                                                             #
# We implemented and solved the model using PhysiCell (Version x.y.z) [1].    #
#                                                                             #
# [1] A Ghaffarizadeh, R Heiland, SH Friedman, SM Mumenthaler, and P Macklin, #
#     PhysiCell: an Open Source Physics-Based Cell Simulator for Multicellu-  #
#     lar Systems, PLoS Comput. Biol. 14(2): e1005991, 2018                   #
#     DOI: 10.1371/journal.pcbi.1005991                                       #
#                                                                             #
# See VERSION.txt or call get_PhysiCell_version() to get the current version  #
#     x.y.z. Call display_citations() to get detailed information on all cite-#
#     able software used in your PhysiCell application.                       #
#                                                                             #
# Because PhysiCell extensively uses BioFVM, we suggest you also cite BioFVM  #
#     as below:                                                               #
#                                                                             #
# We implemented and solved the model using PhysiCell (Version x.y.z) [1],    #
# with BioFVM [2] to solve the transport equations.                           #
#                                                                             #
# [1] A Ghaffarizadeh, R Heiland, SH Friedman, SM Mumenthaler, and P Macklin, #
#     PhysiCell: an Open Source Physics-Based Cell Simulator for Multicellu-  #
#     lar Systems, PLoS Comput. Biol. 14(2): e1005991, 2018                   #
#     DOI: 10.1371/journal.pcbi.1005991                                       #
#                                                                             #
# [2] A Ghaffarizadeh, SH Friedman, and P Macklin, BioFVM: an efficient para- #
#     llelized diffusive transport solver for 3-D biological simulations,     #
#     Bioinformatics 32(8): 1256-8, 2016. DOI: 10.1093/bioinformatics/btv730  #
#                                                                             #
###############################################################################
#                                                                             #
# BSD 3-Clause License (see https://opensource.org/licenses/BSD-3-Clause)     #
#                                                                             #
# Copyright (c) 2015-2018, Paul Macklin and the PhysiCell Project             #
# All rights reserved.                                                        #
#                                                                             #
# Redistribution and use in source and binary forms, with or without          #
# modification, are permitted provided that the following conditions are met: #
#                                                                             #
# 1. Redistributions of source code must retain the above copyright notice,   #
# this list of conditions and the following disclaimer.                       #
#                                                                             #
# 2. Redistributions in binary form must reproduce the above copyright        #
# notice, this list of conditions and the following disclaimer in the         #
# documentation and/or other materials provided with the distribution.        #
#                                                                             #
# 3. Neither the name of the copyright holder nor the names of its            #
# contributors may be used to endorse or promote products derived from this   #
# software without specific prior written permission.                         #
#                                                                             #
# THIS SOFTWARE IS PROVIDED BY THE COPYRIGHT HOLDERS AND CONTRIBUTORS "AS IS" #
# AND ANY EXPRESS OR IMPLIED WARRANTIES, INCLUDING, BUT NOT LIMITED TO, THE   #
# IMPLIED WARRANTIES OF MERCHANTABILITY AND FITNESS FOR A PARTICULAR PURPOSE  #
# ARE DISCLAIMED. IN NO EVENT SHALL THE COPYRIGHT HOLDER OR CONTRIBUTORS BE   #
# LIABLE FOR ANY DIRECT, INDIRECT, INCIDENTAL, SPECIAL, EXEMPLARY, OR         #
# CONSEQUENTIAL DAMAGES (INCLUDING, BUT NOT LIMITED TO, PROCUREMENT OF        #
# SUBSTITUTE GOODS OR SERVICES; LOSS OF USE, DATA, OR PROFITS; OR BUSINESS    #
# INTERRUPTION) HOWEVER CAUSED AND ON ANY THEORY OF LIABILITY, WHETHER IN     #
# CONTRACT, STRICT LIABILITY, OR TORT (INCLUDING NEGLIGENCE OR OTHERWISE)     #
# ARISING IN ANY WAY OUT OF THE USE OF THIS SOFTWARE, EVEN IF ADVISED OF THE  #
# POSSIBILITY OF SUCH DAMAGE.                                                 #
#                                                                             #
###############################################################################
*/
--> 

<!--
<user_details />
-->

<PhysiCell_settings version="devel-version">
	<domain>
		<x_min>-500</x_min>
		<x_max>500</x_max>
		<y_min>-500</y_min>
		<y_max>500</y_max>
		<z_min>-10</z_min>
		<z_max>10</z_max>
		<dx>20</dx>
		<dy>20</dy>
		<dz>20</dz>
		<use_2D>true</use_2D>
	</domain>
	
	<overall>
		<max_time units="min">7200</max_time> <!-- 5 days * 24 h * 60 min -->
		<time_units>min</time_units>
		<space_units>micron</space_units>
	
		<dt_diffusion units="min">0.01</dt_diffusion>
		<dt_mechanics units="min">0.1</dt_mechanics>
		<dt_phenotype units="min">6</dt_phenotype>	
	</overall>
	
	<parallel>
		<omp_num_threads>6</omp_num_threads>
	</parallel> 
	
	<save>
		<folder>output</folder> <!-- use . for root --> 

		<full_data>
			<interval units="min">360</interval>
			<enable>true</enable>
		</full_data>
		
		<SVG>
			<interval units="min">60</interval>
			<enable>true</enable>
		</SVG>
		
		<legacy_data>
			<enable>false</enable>
		</legacy_data>
	</save>
	
	<options>
		<legacy_random_points_on_sphere_in_divide>false</legacy_random_points_on_sphere_in_divide>
	</options>	
	
	<microenvironment_setup>
		<variable name="oxygen" units="mmHg" ID="0">
			<physical_parameter_set>
				<diffusion_coefficient units="micron^2/min">100000.0</diffusion_coefficient>
				<decay_rate units="1/min">10</decay_rate>  
			</physical_parameter_set>
			<initial_condition units="mmHg">0</initial_condition>
			<Dirichlet_boundary_condition units="mmHg" enabled="true">38</Dirichlet_boundary_condition>
<!-- use this block to set Dirichlet boundary conditions on individual boundaries --> 
<!--
			<Dirichlet_options>
				<boundary_value ID="xmin" enabled="false">0</boundary_value>
				<boundary_value ID="xmax" enabled="false">0</boundary_value>
				<boundary_value ID="ymin" enabled="false">0</boundary_value>
				<boundary_value ID="ymax" enabled="false">0</boundary_value>
				<boundary_value ID="zmin" enabled="false">1</boundary_value>
				<boundary_value ID="zmax" enabled="false">0</boundary_value>
			</Dirichlet_options>
-->
		</variable>

		<options>
			<calculate_gradients>true</calculate_gradients>
			<track_internalized_substrates_in_each_agent>true</track_internalized_substrates_in_each_agent>
			<!-- not yet supported --> 
			<initial_condition type="matlab" enabled="false">
				<filename>./config/initial.mat</filename>
			</initial_condition>
			<!-- not yet supported --> 
			<dirichlet_nodes type="matlab" enabled="false">
				<filename>./config/dirichlet.mat</filename>
			</dirichlet_nodes>
		</options>
	</microenvironment_setup>	
	
	<cell_definitions>
		<cell_definition name="default" ID="0">
			<phenotype>
				<cycle code="6" name="flow_cytometry_separated_cycle_model">  
					<!-- using higher than normal significant digits to match divisions in default code -->
					<transition_rates units="1/min"> 
						<!-- G0/G1 to S -->
						<rate start_index="0" end_index="1" fixed_duration="false">0.00334672</rate>
						<!-- S to G2 -->
						<rate start_index="1" end_index="2" fixed_duration="true">0.00208333</rate>
						<!-- G2 to M -->
						<rate start_index="2" end_index="3" fixed_duration="true">0.00416667</rate>
						<!-- M to G0/G1 -->
						<rate start_index="3" end_index="0" fixed_duration="true">0.0166667</rate>
					</transition_rates>
				</cycle>
				
				<death>  
					<model code="100" name="apoptosis"> 
						<rate units="1/min">5.31667e-05</rate>
						<transition_rates units="1/min">
							<rate start_index="0" end_index="1" fixed_duration="true">0.00193798</rate>
						</transition_rates>
						<parameters>
							<unlysed_fluid_change_rate units="1/min">0.05</unlysed_fluid_change_rate>
							<lysed_fluid_change_rate units="1/min">0</lysed_fluid_change_rate>
							<cytoplasmic_biomass_change_rate units="1/min">1.66667e-02</cytoplasmic_biomass_change_rate>
							<nuclear_biomass_change_rate units="1/min">5.83333e-03</nuclear_biomass_change_rate>
							<calcification_rate units="1/min">0</calcification_rate>
							<relative_rupture_volume units="dimensionless">2.0</relative_rupture_volume>
						</parameters>
					</model> 

					<model code="101" name="necrosis">
						<rate units="1/min">0.0</rate>
						<transition_rates units="1/min">
							<rate start_index="0" end_index="1" fixed_duration="false">9e9</rate>
							<rate start_index="1" end_index="2" fixed_duration="true">1.15741e-5</rate>
						</transition_rates>
						<parameters>
							<unlysed_fluid_change_rate units="1/min">0.05</unlysed_fluid_change_rate>
							<lysed_fluid_change_rate units="1/min">0</lysed_fluid_change_rate>
							<cytoplasmic_biomass_change_rate units="1/min">1.66667e-02</cytoplasmic_biomass_change_rate>
							<nuclear_biomass_change_rate units="1/min">5.83333e-03</nuclear_biomass_change_rate>
							<calcification_rate units="1/min">0</calcification_rate>
							<relative_rupture_volume units="dimensionless">2.0</relative_rupture_volume>
						</parameters>
					</model> 
				</death>					

				<volume>  
					<total units="micron^3">2494</total>
					<fluid_fraction units="dimensionless">0.75</fluid_fraction>
					<nuclear units="micron^3">540</nuclear>
					
					<fluid_change_rate units="1/min">0.05</fluid_change_rate>
					<cytoplasmic_biomass_change_rate units="1/min">0.0045</cytoplasmic_biomass_change_rate>
					<nuclear_biomass_change_rate units="1/min">0.0055</nuclear_biomass_change_rate>
					
					<calcified_fraction units="dimensionless">0</calcified_fraction>
					<calcification_rate units="1/min">0</calcification_rate>
					
					<relative_rupture_volume units="dimensionless">2.0</relative_rupture_volume>
				</volume> 				
				
				<mechanics> 
					<cell_cell_adhesion_strength units="micron/min">0.4</cell_cell_adhesion_strength>
					<cell_cell_repulsion_strength units="micron/min">10.0</cell_cell_repulsion_strength>
					<relative_maximum_adhesion_distance units="dimensionless">1.25</relative_maximum_adhesion_distance>
					
					<options>
						<set_relative_equilibrium_distance enabled="false" units="dimensionless">1.8</set_relative_equilibrium_distance>
						<set_absolute_equilibrium_distance enabled="false" units="micron">15.12</set_absolute_equilibrium_distance>
					</options>
				</mechanics>
				
				<motility>  
					<speed units="micron/min">1</speed>
					<persistence_time units="min">1</persistence_time>
					<migration_bias units="dimensionless">.5</migration_bias>
					
					<options>
						<enabled>false</enabled>
						<use_2D>true</use_2D>
						<chemotaxis>
							<enabled>false</enabled>
							<substrate>prey signal</substrate>
							<direction>1</direction>
						</chemotaxis>
					</options>
				</motility>
				
				<secretion>
					<substrate name="prey signal">
						<secretion_rate units="1/min">0</secretion_rate>
						<secretion_target units="substrate density">1</secretion_target>
						<uptake_rate units="1/min">0</uptake_rate>
						<net_export_rate units="total substrate/min">0</net_export_rate> 
					</substrate> 
						
					<substrate name="predator signal">
						<secretion_rate units="1/min">0</secretion_rate>
						<secretion_target units="substrate density">1</secretion_target>
						<uptake_rate units="1/min">0</uptake_rate>
						<net_export_rate units="total substrate/min">0</net_export_rate> 
					</substrate> 	
				</secretion>

				<molecular />
			</phenotype>
			<custom_data>  
				<relative_sated_volume units="dimensionless">1.5</relative_sated_volume>
			</custom_data>
		</cell_definition>
		
		<cell_definition name="prey" parent_type="default" ID="1">
			<phenotype>
				<motility>  
					<speed>0.5</speed>
					<migration_bias>0.4</migration_bias>
					<options>
						<enabled>true</enabled>
						<use_2D>true</use_2D>
						<chemotaxis>
							<enabled>true</enabled>
							<substrate>predator signal</substrate>
							<direction>-1</direction>
						</chemotaxis>
					</options>
				</motility>
				<secretion>
					<substrate name="prey signal">
						<secretion_rate units="1/min">10</secretion_rate>
					</substrate>
				</secretion>
			</phenotype>
			<custom_data>
			</custom_data>
		</cell_definition>
		
		<cell_definition name="predator" parent_type="default" ID="2">
			<phenotype>
				<cycle>
					<transition_rates>
						<rate start_index="0" end_index="1">0.0</rate>
					</transition_rates>
				</cycle>
				<death>
					<model code="100" name="apoptosis"> 
						<rate units="1/min">0</rate>
					</model>	
				</death> 
				<mechanics> 
					<cell_cell_adhesion_strength units="micron/min">0</cell_cell_adhesion_strength>
				</mechanics>
				<motility>  
					<speed>2</speed>
					<options>
						<enabled>true</enabled>
						<use_2D>true</use_2D>
						<chemotaxis>
							<enabled>true</enabled>
							<substrate>prey signal</substrate>
							<direction>1</direction>
						</chemotaxis>
					</options>
				</motility>
				<secretion>
					<substrate name="predator signal">
						<secretion_rate units="1/min">10</secretion_rate>
					</substrate>
				</secretion>
			</phenotype>
			<custom_data>
			</custom_data>
		</cell_definition>
		
	</cell_definitions>
	
	
	
	<user_parameters>
		<random_seed type="int" units="dimensionless">0</random_seed> 
		<!-- example parameters from the template --> 
		
		<div_initialization type="divider" description="---Initialization settings---"/>
		
		<number_of_prey type="int" units="none" description="initial number of prey">50</number_of_prey>
		<number_of_predators type="int" units="none" description="initial number of predators">5</number_of_predators> 
		
		<div_coloring type="divider" description="---Coloring settings---"/>

		<prey_color type="string" description="color for prey">blue</prey_color>
		<predator_color type="string" description="color for prey">orange</predator_color>
		
		<div_predator type="divider" description="---Predator settings---"/>
		<predators_eat_prey type="bool" description="set to true if predators can eat prey">true</predators_eat_prey>
		<predators_cycle_if_big type="bool" description="set to true if predators should cycle if they are well-fed (and thus big)">true</predators_cycle_if_big>
		
		<div_prey type="divider" description="---Prey settings---"/>
		<prey_quorom_effect type="bool" description="set to true if prey signal down-regulates cycling">true</prey_quorom_effect>
		<prey_quorom_threshold type="double" description="prey signal > threshold completely arrests cycling">0.2</prey_quorom_threshold>
		
	</user_parameters>
	
</PhysiCell_settings>
