<?xml version="1.0" encoding="UTF-8"?>
<!--
/*
###############################################################################
# If you use PhysiCell in your project, please cite PhysiCell and the version #
# number, such as below:                                                      #
#                                                                             #
# We implemented and solved the model using PhysiCell (Version x.y.z) [1].    #
#                                                                             #
# [1] A Ghaffarizadeh, R Heiland, SH Friedman, SM Mumenthaler, and P Macklin, #
#     PhysiCell: an Open Source Physics-Based Cell Simulator for Multicellu-  #
#     lar Systems, PLoS Comput. Biol. 14(2): e1005991, 2018                   #
#     DOI: 10.1371/journal.pcbi.1005991                                       #
#                                                                             #
# See VERSION.txt or call get_PhysiCell_version() to get the current version  #
#     x.y.z. Call display_citations() to get detailed information on all cite-#
#     able software used in your PhysiCell application.                       #
#                                                                             #
# Because PhysiCell extensively uses BioFVM, we suggest you also cite BioFVM  #
#     as below:                                                               #
#                                                                             #
# We implemented and solved the model using PhysiCell (Version x.y.z) [1],    #
# with BioFVM [2] to solve the transport equations.                           #
#                                                                             #
# [1] A Ghaffarizadeh, R Heiland, SH Friedman, SM Mumenthaler, and P Macklin, #
#     PhysiCell: an Open Source Physics-Based Cell Simulator for Multicellu-  #
#     lar Systems, PLoS Comput. Biol. 14(2): e1005991, 2018                   #
#     DOI: 10.1371/journal.pcbi.1005991                                       #
#                                                                             #
# [2] A Ghaffarizadeh, SH Friedman, and P Macklin, BioFVM: an efficient para- #
#     llelized diffusive transport solver for 3-D biological simulations,     #
#     Bioinformatics 32(8): 1256-8, 2016. DOI: 10.1093/bioinformatics/btv730  #
#                                                                             #
###############################################################################
#                                                                             #
# BSD 3-Clause License (see https://opensource.org/licenses/BSD-3-Clause)     #
#                                                                             #
# Copyright (c) 2015-2018, Paul Macklin and the PhysiCell Project             #
# All rights reserved.                                                        #
#                                                                             #
# Redistribution and use in source and binary forms, with or without          #
# modification, are permitted provided that the following conditions are met: #
#                                                                             #
# 1. Redistributions of source code must retain the above copyright notice,   #
# this list of conditions and the following disclaimer.                       #
#                                                                             #
# 2. Redistributions in binary form must reproduce the above copyright        #
# notice, this list of conditions and the following disclaimer in the         #
# documentation and/or other materials provided with the distribution.        #
#                                                                             #
# 3. Neither the name of the copyright holder nor the names of its            #
# contributors may be used to endorse or promote products derived from this   #
# software without specific prior written permission.                         #
#                                                                             #
# THIS SOFTWARE IS PROVIDED BY THE COPYRIGHT HOLDERS AND CONTRIBUTORS "AS IS" #
# AND ANY EXPRESS OR IMPLIED WARRANTIES, INCLUDING, BUT NOT LIMITED TO, THE   #
# IMPLIED WARRANTIES OF MERCHANTABILITY AND FITNESS FOR A PARTICULAR PURPOSE  #
# ARE DISCLAIMED. IN NO EVENT SHALL THE COPYRIGHT HOLDER OR CONTRIBUTORS BE   #
# LIABLE FOR ANY DIRECT, INDIRECT, INCIDENTAL, SPECIAL, EXEMPLARY, OR         #
# CONSEQUENTIAL DAMAGES (INCLUDING, BUT NOT LIMITED TO, PROCUREMENT OF        #
# SUBSTITUTE GOODS OR SERVICES; LOSS OF USE, DATA, OR PROFITS; OR BUSINESS    #
# INTERRUPTION) HOWEVER CAUSED AND ON ANY THEORY OF LIABILITY, WHETHER IN     #
# CONTRACT, STRICT LIABILITY, OR TORT (INCLUDING NEGLIGENCE OR OTHERWISE)     #
# ARISING IN ANY WAY OUT OF THE USE OF THIS SOFTWARE, EVEN IF ADVISED OF THE  #
# POSSIBILITY OF SUCH DAMAGE.                                                 #
#                                                                             #
###############################################################################
*/
--> 

<!--
<user_details />
-->

<PhysiCell_settings version="devel-version">
	<domain>
		<x_min>-360</x_min>
		<x_max>360</x_max>
		<y_min>-155</y_min>
		<y_max>140</y_max>
		<z_min>-60</z_min>
		<z_max>60</z_max>
		<dx>20</dx>
		<dy>20</dy>
		<dz>20</dz>
		<use_2D>false</use_2D>
	</domain>
	
	<overall>
		<max_time units="min">7200</max_time> <!-- 5 days * 24 h * 60 min -->
		<time_units>min</time_units>
		<space_units>micron</space_units>
	
		<dt_diffusion units="min">0.01</dt_diffusion>
		<dt_mechanics units="min">0.1</dt_mechanics>
		<dt_phenotype units="min">6</dt_phenotype>	
	</overall>
	
	<parallel>
		<omp_num_threads>4</omp_num_threads>
	</parallel> 
	
	<save>
		<folder>output</folder> <!-- use . for root --> 

		<full_data>
			<interval units="min">360</interval>
			<enable>true</enable>
		</full_data>
		
		<SVG>
			<interval units="min">60</interval>
			<enable>true</enable>
		</SVG>
		
		<legacy_data>
			<enable>false</enable>
		</legacy_data>
	</save>
	
	<options>
		<legacy_random_points_on_sphere_in_divide>false</legacy_random_points_on_sphere_in_divide>
	</options>	

	<microenvironment_setup>
		<variable name="oxygen" units="mmHg" ID="0">
			<physical_parameter_set>
				<diffusion_coefficient units="micron^2/min">100000.0</diffusion_coefficient>
				<decay_rate units="1/min">.1</decay_rate> 
			</physical_parameter_set>
			<initial_condition units="mmHg">38.0</initial_condition>
			<Dirichlet_boundary_condition units="mmHg" enabled="true">38.0</Dirichlet_boundary_condition>
		</variable>
		
		<options>
			<calculate_gradients>true</calculate_gradients>
			<track_internalized_substrates_in_each_agent>true</track_internalized_substrates_in_each_agent>
			<!-- not yet supported --> 
			<initial_condition type="matlab" enabled="false">
				<filename>./config/initial.mat</filename>
			</initial_condition>
			<!-- not yet supported --> 
			<dirichlet_nodes type="matlab" enabled="false">
				<filename>./config/dirichlet.mat</filename>
			</dirichlet_nodes>
		</options>
	</microenvironment_setup>		
	
	<user_parameters>
		<random_seed type="int" units="dimensionless">0</random_seed> 
		<!-- example parameters from the template --> 
		
		<!-- NC cell type parameters --> 
	<NC_cell_migration_speed type="double" units="micron/min">0</NC_cell_migration_speed> 	<!-- 0 is ideal--> 
	<NC_cell_relative_adhesion type="double" units="dimensionless">0.1</NC_cell_relative_adhesion> <!-- lower better 0.1 --> 
	<NC_cell_apoptosis_rate type="double" units="1/min">0.0</NC_cell_apoptosis_rate> 
	<NC_cell_relative_cycle_entry_rate type="double" units="dimensionless">0.0</NC_cell_relative_cycle_entry_rate>
     <NC_color type="string" units="dimensionless">darkred</NC_color>
	 <base_cycle_entry_rate type="double" units="1/min">0.00</base_cycle_entry_rate> 
     <base_apoptosis_rate type="double" units="1/min">0.00</base_apoptosis_rate>
	 <base_cell_adhesion_distance type="double" units="dimensionless">2.5</base_cell_adhesion_distance>     
     <include_NC_cell type="bool" units="dimensionless">true</include_NC_cell>
	
	<NC_cell_relative_repulsion type="double" units="dimensionless">0.1</NC_cell_relative_repulsion>  <!-- lower better 0.5 -->

	
	<!-- motile cell type parameters --> 
	<motile_cell_migration_speed type="double" units="micron/min">5</motile_cell_migration_speed> 	<!-- ^^ better 4--> 
	<motile_cell_relative_adhesion type="double" units="dimensionless">0.05</motile_cell_relative_adhesion>
	<motile_cell_apoptosis_rate type="double" units="1/min">0.0</motile_cell_apoptosis_rate> 
	<motile_cell_relative_cycle_entry_rate type="double" units="dimensionless">0.0</motile_cell_relative_cycle_entry_rate>
     <motile_color type="string" units="dimensionless">lightcyan</motile_color>
	 <base_cycle_entry_rate type="double" units="1/min">0.0</base_cycle_entry_rate> 
     <base_apoptosis_rate type="double" units="1/min">0.0</base_apoptosis_rate> 
	 <base_cell_adhesion_distance type="double" units="dimensionless">2.5</base_cell_adhesion_distance>     
     <include_motile_cell type="bool" units="dimensionless">true</include_motile_cell>

	<motile_cell_relative_repulsion type="double" units="dimensionless">2</motile_cell_relative_repulsion> <!-- ^^ previous 5 -->


	<!-- Ecto cell type parameters --> 
	<Ecto_cell_migration_speed type="double" units="micron/min">0</Ecto_cell_migration_speed> 
	<Ecto_cell_relative_adhesion type="double" units="dimensionless">2</Ecto_cell_relative_adhesion> <!-- ^^ previous 1 -->
	<Ecto_cell_apoptosis_rate type="double" units="1/min">0.0</Ecto_cell_apoptosis_rate> 
	<Ecto_cell_relative_cycle_entry_rate type="double" units="dimensionless">0.0</Ecto_cell_relative_cycle_entry_rate>
     <Ecto_color type="string" units="dimensionless">rgba(255,255,0,0.1)</Ecto_color>
	 <base_cycle_entry_rate type="double" units="1/min">0.00</base_cycle_entry_rate> 
     <base_apoptosis_rate type="double" units="1/min">0.00</base_apoptosis_rate>
	 <base_cell_adhesion_distance type="double" units="dimensionless">2.5</base_cell_adhesion_distance>     
     <include_Ecto_cell type="bool" units="dimensionless">true</include_Ecto_cell>

	<Ecto_cell_relative_repulsion type="double" units="dimensionless">1</Ecto_cell_relative_repulsion> <!-- ^^ previous 0.5 -->
	

	 
	</user_parameters>
	
	
</PhysiCell_settings>
