<?xml version="1.0"?>
<MultiCellDS version="0.5" type="snapshot/simulation">
	<metadata>
		<software>
			<name>BioFVM</name>
			<version>1.1.7</version>
			<URL>http://BioFVM.MathCancer.org</URL>
			<creator />
			<citation />
			<user />
		</software>
		<citation />
		<current_time units="min">2880.000000</current_time>
		<current_runtime units="sec">593.585826</current_runtime>
		<created>2021-02-24T21:29:57Z</created>
		<last_modified>2021-02-24T21:29:57Z</last_modified>
	</metadata>
	<microenvironment>
		<domain name="microenvironment">
			<mesh type="Cartesian" uniform="true" regular="true" units="micron">
				<bounding_box type="axis-aligned" units="micron">-360.000000 -155.000000 -60.000000 360.000000 140.000000 60.000000</bounding_box>
				<x_coordinates delimiter=" ">-350.000000 -330.000000 -310.000000 -290.000000 -270.000000 -250.000000 -230.000000 -210.000000 -190.000000 -170.000000 -150.000000 -130.000000 -110.000000 -90.000000 -70.000000 -50.000000 -30.000000 -10.000000 10.000000 30.000000 50.000000 70.000000 90.000000 110.000000 130.000000 150.000000 170.000000 190.000000 210.000000 230.000000 250.000000 270.000000 290.000000 310.000000 330.000000 350.000000</x_coordinates>
				<y_coordinates delimiter=" ">-145.000000 -125.000000 -105.000000 -85.000000 -65.000000 -45.000000 -25.000000 -5.000000 15.000000 35.000000 55.000000 75.000000 95.000000 115.000000 135.000000</y_coordinates>
				<z_coordinates delimiter=" ">-50.000000 -30.000000 -10.000000 10.000000 30.000000 50.000000</z_coordinates>
				<voxels type="matlab">
					<filename>initial_mesh0.mat</filename>
				</voxels>
			</mesh>
			<variables>
				<variable name="oxygen" units="mmHg" ID="0">
					<physical_parameter_set>
						<conditions />
						<diffusion_coefficient units="micron^2/min">100000.000000</diffusion_coefficient>
						<decay_rate units="1/min">0.100000</decay_rate>
					</physical_parameter_set>
				</variable>
			</variables>
			<data type="matlab">
				<filename>output00000008_microenvironment0.mat</filename>
			</data>
		</domain>
	</microenvironment>
	<cellular_information>
		<cell_populations>
			<cell_population type="individual">
				<custom>
					<simplified_data type="matlab" source="BioFVM">
						<filename>output00000008_cells.mat</filename>
					</simplified_data>
					<simplified_data type="matlab" source="PhysiCell">
						<labels>
							<label index="0" size="1">ID</label>
							<label index="1" size="3">position</label>
							<label index="4" size="1">total_volume</label>
							<label index="5" size="1">cell_type</label>
							<label index="6" size="1">cycle_model</label>
							<label index="7" size="1">current_phase</label>
							<label index="8" size="1">elapsed_time_in_phase</label>
							<label index="9" size="1">nuclear_volume</label>
							<label index="10" size="1">cytoplasmic_volume</label>
							<label index="11" size="1">fluid_fraction</label>
							<label index="12" size="1">calcified_fraction</label>
							<label index="13" size="3">orientation</label>
							<label index="16" size="1">polarity</label>
							<label index="17" size="1">migration_speed</label>
							<label index="18" size="3">motility_vector</label>
							<label index="21" size="1">migration_bias</label>
							<label index="22" size="3">motility_bias_direction</label>
							<label index="25" size="1">persistence_time</label>
							<label index="26" size="1">motility_reserved</label>
						</labels>
						<filename>output00000008_cells_physicell.mat</filename>
					</simplified_data>
				</custom>
			</cell_population>
		</cell_populations>
	</cellular_information>
</MultiCellDS>
